{"array":[{"enemySpawnData":{"enemyPrefab":"ZomBunny","spawnPoint":{"x":-18.110000610351564,"y":0.3700000047683716,"z":-6.829999923706055},"spawnTime":2.0,"targetType":0}},{"enemySpawnData":{"enemyPrefab":"ZomBear","spawnPoint":{"x":20.31,"y":0.4399999976158142,"z":13.53},"spawnTime":2.0,"targetType":1}},{"enemySpawnData":{"enemyPrefab":"Hellephant","spawnPoint":{"x":-22.510000228881837,"y":2.559999942779541,"z":20.219999313354493},"spawnTime":2.0,"targetType":2}}]}